run,acc,acc_mean,acc_std,f1,f1_mean,f1_std,uar,n,params,train_s_per_fold,epochs
SD__fusionL_avg_focal_spk,91.12,91.12,0.79,91.35,91.35,0.8,91.37,7305,1370503,93.72,38.4
SD__fusionL_avg_focal_spk@RAVDESS,90.83,90.83,0.39,90.66,90.64,0.57,90.53,1440,,,
SD__fusionL_avg_focal_spk@TESS,100.0,100.0,0.0,100.0,100.0,0.0,100.0,2800,,,
SD__fusionL_avg_focal_spk@SAVEE,85.62,85.71,2.39,84.68,84.09,2.77,85.0,480,,,
SD__fusionL_avg_focal_spk@CREMA-D,82.67,82.7,1.6,82.95,82.9,1.61,82.87,2585,,,
SD__fusionL_avg_focal_spk20,89.75,89.75,0.87,90.0,90.0,0.81,90.04,7305,1370503,99.11,41.4
SD__fusionL_avg_focal_spk20@RAVDESS,89.65,89.67,0.72,89.3,89.32,0.75,89.19,1440,,,
SD__fusionL_avg_focal_spk20@TESS,99.96,99.97,0.07,99.96,99.97,0.07,99.96,2800,,,
SD__fusionL_avg_focal_spk20@SAVEE,84.38,84.48,2.83,82.7,82.13,2.87,82.62,480,,,
SD__fusionL_avg_focal_spk20@CREMA-D,79.73,79.75,2.77,79.96,79.87,2.78,79.95,2585,,,
SD__fusionL_focal_spk,90.7,90.7,0.86,90.89,90.89,0.83,90.94,7305,1370528,130.12,38.0
SD__fusionL_focal_spk@RAVDESS,90.42,90.43,1.01,90.13,90.16,0.9,90.03,1440,,,
SD__fusionL_focal_spk@TESS,99.96,99.97,0.07,99.96,99.97,0.07,99.96,2800,,,
SD__fusionL_focal_spk@SAVEE,85.62,85.64,2.35,84.65,83.87,2.24,84.88,480,,,
SD__fusionL_focal_spk@CREMA-D,81.78,81.83,2.06,82.03,82.02,2.09,81.98,2585,,,
SD__fusionL_focal_spk20,89.99,89.99,0.79,90.23,90.23,0.77,90.26,7305,1370528,128.07,39.4
SD__fusionL_focal_spk20@RAVDESS,90.28,90.27,1.47,90.04,89.97,1.54,89.91,1440,,,
SD__fusionL_focal_spk20@TESS,99.93,99.93,0.09,99.93,99.93,0.09,99.93,2800,,,
SD__fusionL_focal_spk20@SAVEE,83.12,83.15,1.67,81.43,80.95,1.85,81.31,480,,,
SD__fusionL_focal_spk20@CREMA-D,80.35,80.37,2.44,80.52,80.48,2.39,80.55,2585,,,
SD__fusion_avg_focal_spk,88.76,88.76,0.71,89.04,89.03,0.63,88.99,7305,1108359,140.45,39.2
SD__fusion_avg_focal_spk@RAVDESS,88.96,88.98,2.01,88.68,88.65,2.17,88.57,1440,,,
SD__fusion_avg_focal_spk@TESS,99.89,99.89,0.14,99.89,99.9,0.14,99.89,2800,,,
SD__fusion_avg_focal_spk@SAVEE,80.62,80.65,1.57,78.82,78.42,0.96,78.81,480,,,
SD__fusion_avg_focal_spk@CREMA-D,78.1,78.09,1.94,78.28,78.15,1.95,78.35,2585,,,
SD__fusion_avg_focal_spk20,87.82,87.82,0.75,88.09,88.09,0.74,88.07,7305,1108359,148.57,38.6
SD__fusion_avg_focal_spk20@RAVDESS,87.57,87.55,1.71,87.19,87.07,1.91,87.08,1440,,,
SD__fusion_avg_focal_spk20@TESS,99.79,99.78,0.13,99.79,99.78,0.13,99.79,2800,,,
SD__fusion_avg_focal_spk20@SAVEE,82.08,82.11,0.89,80.0,79.58,1.06,79.76,480,,,
SD__fusion_avg_focal_spk20@CREMA-D,76.05,76.07,2.3,76.26,76.13,2.28,76.31,2585,,,
SD__fusion_focal,86.93,86.93,0.27,87.2,87.2,0.27,87.27,7305,1108372,177.52,61.6
SD__fusion_focal@RAVDESS,85.35,85.31,2.67,84.83,84.72,2.92,84.72,1440,,,
SD__fusion_focal@TESS,99.96,99.96,0.07,99.96,99.96,0.08,99.96,2800,,,
SD__fusion_focal@SAVEE,82.92,82.96,3.26,81.08,80.78,3.37,80.83,480,,,
SD__fusion_focal@CREMA-D,74.43,74.44,1.15,74.65,74.58,1.12,74.77,2585,,,
SD__fusion_focal_spk,88.1,88.1,0.63,88.32,88.33,0.57,88.34,7305,1108372,109.82,38.4
SD__fusion_focal_spk@RAVDESS,87.85,87.84,1.43,87.45,87.36,1.54,87.33,1440,,,
SD__fusion_focal_spk@TESS,99.89,99.89,0.14,99.89,99.89,0.15,99.89,2800,,,
SD__fusion_focal_spk@SAVEE,81.04,81.12,2.32,78.95,78.56,2.11,78.81,480,,,
SD__fusion_focal_spk@CREMA-D,76.79,76.79,2.45,76.97,76.98,2.31,77.15,2585,,,
SD__fusion_focal_spk20,87.49,87.49,0.49,87.75,87.74,0.44,87.81,7305,1108372,158.13,37.4
SD__fusion_focal_spk20@RAVDESS,87.5,87.48,2.11,87.09,87.0,2.14,86.95,1440,,,
SD__fusion_focal_spk20@TESS,99.86,99.86,0.07,99.86,99.85,0.08,99.86,2800,,,
SD__fusion_focal_spk20@SAVEE,80.62,80.64,1.11,78.44,77.85,0.48,78.57,480,,,
SD__fusion_focal_spk20@CREMA-D,75.36,75.38,1.83,75.59,75.44,1.96,75.57,2585,,,
SD__hand284_HGB,75.96,75.96,0.67,76.64,76.62,0.65,76.49,7305,,94.66,
SD__hand284_HGB@RAVDESS,70.28,70.26,0.78,68.58,68.43,1.35,68.8,1440,,,
SD__hand284_HGB@TESS,99.82,99.83,0.16,99.82,99.83,0.15,99.82,2800,,,
SD__hand284_HGB@SAVEE,66.67,66.66,3.08,63.07,61.75,3.12,62.38,480,,,
SD__hand284_HGB@CREMA-D,55.01,55.01,1.6,54.53,54.46,1.52,55.14,2585,,,
SD__hand284_LR,68.16,68.16,0.54,68.72,68.71,0.56,68.96,7305,,4.78,
SD__hand284_LR@RAVDESS,55.62,55.63,1.45,54.59,54.36,1.82,54.74,1440,,,
SD__hand284_LR@TESS,96.96,96.97,0.27,96.97,97.0,0.28,96.96,2800,,,
SD__hand284_LR@SAVEE,51.25,51.38,5.14,47.6,47.28,4.97,47.74,480,,,
SD__hand284_LR@CREMA-D,47.08,47.09,0.87,46.91,46.91,0.8,47.0,2585,,,
SD__hand284_RF,70.66,70.66,1.22,71.34,71.33,1.11,71.33,7305,,15.81,
SD__hand284_RF@RAVDESS,56.39,56.38,1.26,51.55,51.44,1.73,53.79,1440,,,
SD__hand284_RF@TESS,99.75,99.75,0.24,99.75,99.76,0.24,99.75,2800,,,
SD__hand284_RF@SAVEE,60.83,60.76,2.34,55.84,55.2,4.26,55.48,480,,,
SD__hand284_RF@CREMA-D,48.94,48.95,2.66,46.95,46.9,2.74,49.25,2585,,,
SD__hand284_SVM,75.88,75.88,0.65,76.51,76.51,0.6,76.52,7305,,50.67,
SD__hand284_SVM@RAVDESS,68.96,69.05,3.0,67.54,67.47,3.59,67.71,1440,,,
SD__hand284_SVM@TESS,99.61,99.61,0.3,99.61,99.62,0.29,99.61,2800,,,
SD__hand284_SVM@SAVEE,68.33,68.27,2.53,65.58,64.92,2.73,65.0,480,,,
SD__hand284_SVM@CREMA-D,55.44,55.48,1.75,55.27,55.23,1.69,55.51,2585,,,
SD__hand284_aug_focal,73.63,73.63,0.76,74.13,74.11,0.69,74.48,7305,321927,191.97,40.0
SD__hand284_aug_focal@RAVDESS,64.44,64.5,2.04,62.83,62.85,2.45,63.19,1440,,,
SD__hand284_aug_focal@TESS,99.71,99.72,0.24,99.71,99.72,0.24,99.71,2800,,,
SD__hand284_aug_focal@SAVEE,63.96,63.99,4.88,60.56,59.27,5.01,60.36,480,,,
SD__hand284_aug_focal@CREMA-D,52.3,52.32,1.48,51.82,51.62,1.45,52.53,2585,,,
SD__hand284_aug_focal_spk,73.73,73.73,1.38,74.28,74.27,1.31,74.37,7305,321927,196.85,38.4
SD__hand284_aug_focal_spk@RAVDESS,64.31,64.35,1.47,62.89,62.77,1.99,63.07,1440,,,
SD__hand284_aug_focal_spk@TESS,99.21,99.22,0.43,99.21,99.23,0.42,99.21,2800,,,
SD__hand284_aug_focal_spk@SAVEE,56.46,56.47,3.5,52.61,51.66,3.72,52.26,480,,,
SD__hand284_aug_focal_spk@CREMA-D,54.58,54.58,3.68,54.08,53.8,2.98,54.58,2585,,,
SD__hand284_focal,73.54,73.54,1.18,74.17,74.17,1.19,74.34,7305,321927,75.27,51.0
SD__hand284_focal@RAVDESS,65.14,65.08,2.59,63.87,63.7,3.43,63.91,1440,,,
SD__hand284_focal@TESS,99.68,99.68,0.23,99.68,99.68,0.23,99.68,2800,,,
SD__hand284_focal@SAVEE,65.62,65.52,3.33,62.54,61.6,2.28,62.14,480,,,
SD__hand284_focal@CREMA-D,51.37,51.4,2.25,50.86,50.81,2.2,51.46,2585,,,
SD__hand284_kNN,67.86,67.86,0.38,68.63,68.62,0.31,68.48,7305,,0.21,
SD__hand284_kNN@RAVDESS,54.86,54.87,2.59,51.63,51.53,2.45,52.33,1440,,,
SD__hand284_kNN@TESS,99.71,99.72,0.24,99.71,99.72,0.24,99.71,2800,,,
SD__hand284_kNN@SAVEE,58.75,58.72,1.12,54.77,54.45,2.14,55.0,480,,,
SD__hand284_kNN@CREMA-D,42.28,42.26,1.43,41.1,40.97,1.64,42.31,2585,,,
SD__wavlmAvg_LR,85.68,85.68,0.55,86.05,86.05,0.58,86.0,7305,,20.04,
SD__wavlmAvg_LR@RAVDESS,84.79,84.81,1.71,84.45,84.3,1.73,84.35,1440,,,
SD__wavlmAvg_LR@TESS,99.21,99.22,0.44,99.21,99.22,0.44,99.21,2800,,,
SD__wavlmAvg_LR@SAVEE,78.54,78.54,1.99,76.18,75.7,3.21,76.19,480,,,
SD__wavlmAvg_LR@CREMA-D,72.84,72.82,1.49,73.1,73.0,1.35,73.14,2585,,,
SD__wavlmAvg_SVM,87.04,87.04,0.73,87.4,87.4,0.69,87.42,7305,,239.3,
SD__wavlmAvg_SVM@RAVDESS,90.14,90.15,1.54,89.8,89.76,1.58,89.68,1440,,,
SD__wavlmAvg_SVM@TESS,100.0,100.0,0.0,100.0,100.0,0.0,100.0,2800,,,
SD__wavlmAvg_SVM@SAVEE,82.71,82.78,2.16,80.93,80.44,2.8,80.83,480,,,
SD__wavlmAvg_SVM@CREMA-D,72.07,72.05,2.49,72.34,72.18,2.43,72.41,2585,,,
SD__wavlmLAvg_LR_spk,90.01,90.01,0.7,90.21,90.21,0.72,90.12,7305,,26.99,
SD__wavlmLAvg_LR_spk@RAVDESS,90.35,90.35,1.47,90.14,90.16,1.58,90.03,1440,,,
SD__wavlmLAvg_LR_spk@TESS,99.71,99.71,0.09,99.71,99.71,0.1,99.71,2800,,,
SD__wavlmLAvg_LR_spk@SAVEE,81.88,81.89,1.08,80.27,79.06,1.6,80.71,480,,,
SD__wavlmLAvg_LR_spk@CREMA-D,80.81,80.86,2.3,81.06,81.02,2.24,81.1,2585,,,
SD__wavlmLAvg_SVM_spk,90.95,90.95,0.69,91.15,91.15,0.65,91.14,7305,,829.17,
SD__wavlmLAvg_SVM_spk@RAVDESS,91.32,91.25,1.99,91.14,91.04,2.08,90.92,1440,,,
SD__wavlmLAvg_SVM_spk@TESS,100.0,100.0,0.0,100.0,100.0,0.0,100.0,2800,,,
SD__wavlmLAvg_SVM_spk@SAVEE,86.67,86.71,3.19,85.51,85.29,3.18,85.6,480,,,
SD__wavlmLAvg_SVM_spk@CREMA-D,81.74,81.74,2.35,81.95,81.83,2.26,81.93,2585,,,
SD__wavlm_layers_focal,86.97,86.97,0.83,87.32,87.33,0.81,87.34,7305,962964,135.76,51.2
SD__wavlm_layers_focal@RAVDESS,86.39,86.41,1.54,85.92,85.84,1.54,85.81,1440,,,
SD__wavlm_layers_focal@TESS,99.96,99.96,0.07,99.96,99.97,0.07,99.96,2800,,,
SD__wavlm_layers_focal@SAVEE,81.46,81.42,2.41,79.45,79.04,2.48,79.17,480,,,
SD__wavlm_layers_focal@CREMA-D,74.24,74.24,2.53,74.55,74.42,2.42,74.53,2585,,,
SI__fusionL_avg_focal_spk,85.5,84.87,3.97,85.13,84.55,4.28,85.45,7305,1370503,127.81,40.4
SI__fusionL_avg_focal_spk@RAVDESS,86.53,86.8,5.62,86.49,86.78,5.54,86.51,1440,,,
SI__fusionL_avg_focal_spk@TESS,89.21,89.21,9.07,88.94,88.5,9.78,89.21,2800,,,
SI__fusionL_avg_focal_spk@SAVEE,81.04,81.04,7.49,79.02,78.74,8.21,78.93,480,,,
SI__fusionL_avg_focal_spk@CREMA-D,81.74,82.06,3.48,82.02,82.29,3.36,81.94,2585,,,
SI__fusionL_avg_focal_spk20,81.22,81.25,4.18,80.88,80.96,4.57,81.05,7305,1370503,127.69,36.0
SI__fusionL_avg_focal_spk20@RAVDESS,85.42,85.68,5.7,85.41,85.73,5.53,85.39,1440,,,
SI__fusionL_avg_focal_spk20@TESS,82.36,82.36,9.64,82.12,81.81,10.14,82.36,2800,,,
SI__fusionL_avg_focal_spk20@SAVEE,77.71,77.71,11.91,75.33,74.65,13.57,75.0,480,,,
SI__fusionL_avg_focal_spk20@CREMA-D,78.3,78.61,3.22,78.55,78.78,3.06,78.55,2585,,,
SI__fusionL_focal_spk,84.57,84.04,3.85,84.18,83.7,4.14,84.49,7305,1370528,153.51,32.4
SI__fusionL_focal_spk@RAVDESS,86.53,86.77,5.38,86.43,86.7,5.33,86.43,1440,,,
SI__fusionL_focal_spk@TESS,87.93,87.93,9.0,87.69,87.47,9.45,87.93,2800,,,
SI__fusionL_focal_spk@SAVEE,79.17,79.17,8.72,77.11,77.14,9.03,77.02,480,,,
SI__fusionL_focal_spk@CREMA-D,80.85,81.15,3.75,81.16,81.41,3.68,81.07,2585,,,
SI__fusionL_focal_spk20,81.66,81.21,3.88,81.32,80.94,4.21,81.69,7305,1370528,108.97,30.8
SI__fusionL_focal_spk20@RAVDESS,84.03,84.23,5.17,84.05,84.3,5.03,84.05,1440,,,
SI__fusionL_focal_spk20@TESS,84.86,84.86,9.5,84.62,83.98,10.35,84.86,2800,,,
SI__fusionL_focal_spk20@SAVEE,76.67,76.67,10.09,73.67,72.46,12.82,73.93,480,,,
SI__fusionL_focal_spk20@CREMA-D,77.79,78.0,2.69,78.13,78.22,2.56,78.02,2585,,,
SI__fusion_avg_focal_spk,80.51,80.5,4.93,80.05,80.27,5.27,80.32,7305,1108359,110.93,43.0
SI__fusion_avg_focal_spk@RAVDESS,82.5,82.77,5.15,82.18,82.46,5.07,82.27,1440,,,
SI__fusion_avg_focal_spk@TESS,82.75,82.75,11.25,82.42,82.08,11.84,82.75,2800,,,
SI__fusion_avg_focal_spk@SAVEE,79.17,79.17,4.37,77.2,76.86,4.2,77.02,480,,,
SI__fusion_avg_focal_spk@CREMA-D,77.21,77.68,4.39,77.41,77.79,4.34,77.46,2585,,,
SI__fusion_avg_focal_spk20,75.14,76.29,6.09,75.1,76.1,6.64,75.19,7305,1108359,108.79,42.0
SI__fusion_avg_focal_spk20@RAVDESS,82.08,82.43,5.03,81.88,82.14,5.0,81.99,1440,,,
SI__fusion_avg_focal_spk20@TESS,72.18,72.18,13.25,71.3,69.85,15.47,72.18,2800,,,
SI__fusion_avg_focal_spk20@SAVEE,77.5,77.5,6.9,75.0,74.61,7.75,74.76,480,,,
SI__fusion_avg_focal_spk20@CREMA-D,74.04,74.5,4.15,74.26,74.58,4.01,74.25,2585,,,
SI__fusion_ce,74.74,73.12,7.5,74.42,72.38,7.93,74.63,7305,1108372,95.52,39.8
SI__fusion_ce@RAVDESS,74.1,74.63,9.42,73.89,74.41,9.43,73.93,1440,,,
SI__fusion_ce@TESS,83.36,83.36,12.79,82.8,80.92,15.3,83.36,2800,,,
SI__fusion_ce@SAVEE,65.21,65.21,13.6,61.54,58.94,16.24,61.31,480,,,
SI__fusion_ce@CREMA-D,67.54,68.13,5.65,67.93,68.17,5.37,67.92,2585,,,
SI__fusion_ce_spk,79.51,79.48,5.57,79.01,79.0,5.91,79.18,7305,1108372,129.18,43.2
SI__fusion_ce_spk@RAVDESS,82.57,82.88,5.12,82.26,82.55,5.16,82.37,1440,,,
SI__fusion_ce_spk@TESS,80.75,80.75,12.61,80.35,79.97,13.28,80.75,2800,,,
SI__fusion_ce_spk@SAVEE,76.46,76.46,5.72,73.92,72.97,6.9,74.05,480,,,
SI__fusion_ce_spk@CREMA-D,77.02,77.51,4.72,77.28,77.68,4.62,77.32,2585,,,
SI__fusion_focal,74.44,73.28,6.85,74.07,72.71,7.26,74.17,7305,1108372,102.31,42.6
SI__fusion_focal@RAVDESS,74.79,75.25,7.73,74.76,75.28,7.78,74.83,1440,,,
SI__fusion_focal@TESS,80.68,80.68,13.32,79.8,78.75,15.24,80.68,2800,,,
SI__fusion_focal@SAVEE,68.12,68.12,9.87,64.31,62.03,12.64,63.93,480,,,
SI__fusion_focal@CREMA-D,68.67,69.32,5.77,69.06,69.42,5.22,69.02,2585,,,
SI__fusion_focal_spk,80.05,79.81,4.67,79.47,79.57,5.16,79.67,7305,1108372,126.78,40.6
SI__fusion_focal_spk@RAVDESS,82.22,82.47,5.11,81.98,82.19,5.03,82.09,1440,,,
SI__fusion_focal_spk@TESS,83.93,83.93,9.71,83.53,83.47,10.09,83.93,2800,,,
SI__fusion_focal_spk@SAVEE,77.08,77.08,5.29,74.78,74.38,5.37,74.52,480,,,
SI__fusion_focal_spk@CREMA-D,75.2,75.85,5.88,75.39,75.89,5.94,75.46,2585,,,
SI__fusion_focal_spk20,74.95,75.7,5.07,74.74,75.35,5.61,75.08,7305,1108372,107.94,35.6
SI__fusion_focal_spk20@RAVDESS,80.76,81.03,5.0,80.51,80.72,4.76,80.61,1440,,,
SI__fusion_focal_spk20@TESS,74.0,74.0,11.0,73.04,71.66,13.14,74.0,2800,,,
SI__fusion_focal_spk20@SAVEE,73.96,73.96,7.32,71.03,70.54,8.62,70.83,480,,,
SI__fusion_focal_spk20@CREMA-D,72.92,73.39,4.39,73.29,73.55,4.23,73.11,2585,,,
SI__hand284_HGB,53.85,52.9,2.6,53.6,51.71,2.81,53.32,7305,,231.76,
SI__hand284_HGB@RAVDESS,55.28,55.67,5.16,53.77,53.8,4.77,54.44,1440,,,
SI__hand284_HGB@TESS,57.61,57.61,2.54,57.56,53.92,2.99,57.61,2800,,,
SI__hand284_HGB@SAVEE,38.54,38.54,11.72,32.8,31.51,10.9,34.52,480,,,
SI__hand284_HGB@CREMA-D,51.84,52.19,3.32,51.26,51.37,3.26,51.82,2585,,,
SI__hand284_LR,45.97,45.35,2.37,46.33,45.02,2.56,45.98,7305,,9.25,
SI__hand284_LR@RAVDESS,45.42,45.88,6.18,45.33,45.65,5.47,45.24,1440,,,
SI__hand284_LR@TESS,48.93,48.93,4.21,48.69,47.32,4.13,48.93,2800,,,
SI__hand284_LR@SAVEE,36.04,36.04,11.11,33.11,29.35,11.19,33.1,480,,,
SI__hand284_LR@CREMA-D,44.91,45.39,4.59,44.66,44.71,4.43,44.78,2585,,,
SI__hand284_RF,48.64,47.81,3.18,47.22,45.92,2.74,47.55,7305,,19.64,
SI__hand284_RF@RAVDESS,47.5,47.85,5.31,43.09,43.15,5.22,45.46,1440,,,
SI__hand284_RF@TESS,52.54,52.54,5.46,53.57,50.74,3.81,52.54,2800,,,
SI__hand284_RF@SAVEE,38.54,38.54,4.5,31.71,28.79,7.72,31.9,480,,,
SI__hand284_RF@CREMA-D,46.92,47.14,2.43,44.7,44.72,1.75,47.15,2585,,,
SI__hand284_SVM,49.83,49.46,6.6,49.26,48.54,7.08,48.9,7305,,102.35,
SI__hand284_SVM@RAVDESS,51.11,51.42,5.13,50.53,50.35,4.13,50.92,1440,,,
SI__hand284_SVM@TESS,51.36,51.36,14.29,50.82,46.83,16.43,51.36,2800,,,
SI__hand284_SVM@SAVEE,38.96,38.96,14.68,36.75,33.2,13.74,37.86,480,,,
SI__hand284_SVM@CREMA-D,49.48,49.95,4.42,49.36,49.47,4.45,49.46,2585,,,
SI__hand284_SVM_spk,58.32,57.35,3.09,57.97,56.76,3.24,57.87,7305,,62.87,
SI__hand284_SVM_spk@RAVDESS,58.61,59.1,6.99,57.84,58.19,6.65,58.09,1440,,,
SI__hand284_SVM_spk@TESS,62.75,62.75,1.39,62.94,61.67,0.96,62.75,2800,,,
SI__hand284_SVM_spk@SAVEE,47.29,47.29,13.77,43.41,42.39,12.38,43.57,480,,,
SI__hand284_SVM_spk@CREMA-D,55.4,55.69,3.09,54.9,55.0,3.28,55.31,2585,,,
SI__hand284_aug_ce,51.31,49.94,3.5,51.26,48.9,3.11,51.41,7305,321927,92.79,30.6
SI__hand284_aug_ce@RAVDESS,52.92,53.32,5.64,51.77,51.42,4.8,51.93,1440,,,
SI__hand284_aug_ce@TESS,56.46,56.46,1.32,54.88,51.44,1.98,56.46,2800,,,
SI__hand284_aug_ce@SAVEE,38.96,38.96,10.74,34.42,33.24,8.67,35.36,480,,,
SI__hand284_aug_ce@CREMA-D,47.12,47.21,2.47,46.29,46.08,2.53,47.15,2585,,,
SI__hand284_aug_focal,49.77,48.8,3.52,49.69,47.98,3.03,50.47,7305,321927,102.12,31.4
SI__hand284_aug_focal@RAVDESS,51.04,51.4,5.18,50.04,49.42,4.53,50.5,1440,,,
SI__hand284_aug_focal@TESS,53.68,53.68,4.46,51.76,48.31,3.97,53.68,2800,,,
SI__hand284_aug_focal@SAVEE,43.96,43.96,8.87,39.93,37.01,5.92,40.48,480,,,
SI__hand284_aug_focal@CREMA-D,45.92,46.04,2.17,45.23,44.98,2.27,45.97,2585,,,
SI__hand284_aug_focal_spk,56.73,55.41,3.72,55.88,54.51,3.8,55.95,7305,321927,150.6,30.4
SI__hand284_aug_focal_spk@RAVDESS,56.04,56.47,5.58,55.37,55.53,5.43,55.63,1440,,,
SI__hand284_aug_focal_spk@TESS,62.36,62.36,4.0,61.37,60.66,4.47,62.36,2800,,,
SI__hand284_aug_focal_spk@SAVEE,48.75,48.75,12.73,44.47,43.33,11.49,44.52,480,,,
SI__hand284_aug_focal_spk@CREMA-D,52.5,52.79,3.36,52.17,52.34,3.57,52.46,2585,,,
SI__hand284_focal,49.28,47.69,4.35,48.96,46.0,5.1,49.33,7305,321927,27.95,27.8
SI__hand284_focal@RAVDESS,48.96,49.47,7.5,47.47,47.45,6.61,47.74,1440,,,
SI__hand284_focal@TESS,55.29,55.29,7.57,54.32,52.65,9.3,55.29,2800,,,
SI__hand284_focal@SAVEE,39.17,39.17,10.74,31.96,30.31,10.22,33.69,480,,,
SI__hand284_focal@CREMA-D,44.84,44.94,2.07,42.91,42.43,1.63,45.07,2585,,,
SI__hand284_kNN,43.63,42.19,3.67,40.93,39.18,3.89,41.53,7305,,0.45,
SI__hand284_kNN@RAVDESS,38.89,38.8,3.56,35.02,34.41,4.24,36.58,1440,,,
SI__hand284_kNN@TESS,51.86,51.86,1.21,51.51,49.11,1.74,51.86,2800,,,
SI__hand284_kNN@SAVEE,37.92,37.92,7.13,33.31,31.03,6.87,33.21,480,,,
SI__hand284_kNN@CREMA-D,38.41,38.72,2.76,37.17,37.2,3.19,38.45,2585,,,
SI__handMFCC_aug_focal,50.62,49.29,4.73,50.27,48.06,5.51,50.48,7305,217479,85.46,30.4
SI__handMFCC_aug_focal@RAVDESS,47.92,47.87,3.8,46.47,45.89,3.92,47.15,1440,,,
SI__handMFCC_aug_focal@TESS,57.54,57.54,6.46,55.08,53.01,9.39,57.54,2800,,,
SI__handMFCC_aug_focal@SAVEE,43.33,43.33,8.14,37.43,35.61,9.01,38.93,480,,,
SI__handMFCC_aug_focal@CREMA-D,46.0,46.36,3.3,44.96,44.91,3.51,45.94,2585,,,
SI__handNoDelta_aug_focal,48.88,47.51,4.58,48.58,46.41,4.22,48.4,7305,240007,92.78,31.6
SI__handNoDelta_aug_focal@RAVDESS,48.06,48.25,6.17,46.53,46.13,5.44,47.25,1440,,,
SI__handNoDelta_aug_focal@TESS,54.5,54.5,1.36,51.97,47.56,0.41,54.5,2800,,,
SI__handNoDelta_aug_focal@SAVEE,41.25,41.25,9.9,36.77,33.03,7.63,37.5,480,,,
SI__handNoDelta_aug_focal@CREMA-D,44.68,44.83,2.09,43.93,43.46,3.06,44.57,2585,,,
SI__logmel_CRNN,48.86,48.55,1.65,47.39,47.4,2.12,47.76,7305,510183,1931.76,30.0
SI__logmel_CRNN@RAVDESS,52.85,53.18,6.45,50.98,50.89,6.79,50.99,1440,,,
SI__logmel_CRNN@TESS,51.57,51.57,0.14,45.52,45.02,3.32,51.57,2800,,,
SI__logmel_CRNN@SAVEE,38.54,38.54,12.39,36.95,34.26,11.66,36.9,480,,,
SI__logmel_CRNN@CREMA-D,45.61,46.06,4.62,45.7,45.68,4.41,45.57,2585,,,
SI__wavlmAvg_LR,72.27,71.77,5.53,72.16,71.34,5.96,72.64,7305,,27.04,
SI__wavlmAvg_LR@RAVDESS,73.61,74.1,7.38,73.6,74.12,6.9,73.74,1440,,,
SI__wavlmAvg_LR@TESS,75.93,75.93,11.64,75.01,73.21,14.29,75.93,2800,,,
SI__wavlmAvg_LR@SAVEE,68.54,68.54,9.45,66.23,65.09,9.53,65.95,480,,,
SI__wavlmAvg_LR@CREMA-D,68.24,68.84,5.37,68.55,68.91,5.01,68.56,2585,,,
SI__wavlmAvg_LR_spk,77.67,78.19,4.94,77.48,77.92,5.2,77.81,7305,,5.38,
SI__wavlmAvg_LR_spk@RAVDESS,82.15,82.5,5.37,81.69,81.94,5.53,81.85,1440,,,
SI__wavlmAvg_LR_spk@TESS,77.5,77.5,10.14,76.62,76.48,10.64,77.5,2800,,,
SI__wavlmAvg_LR_spk@SAVEE,78.75,78.75,8.63,76.73,76.53,9.69,76.79,480,,,
SI__wavlmAvg_LR_spk@CREMA-D,75.16,75.75,5.21,75.51,76.01,5.08,75.45,2585,,,
SI__wavlmAvg_SVM,75.14,74.77,5.87,74.37,74.05,6.76,73.95,7305,,414.56,
SI__wavlmAvg_SVM@RAVDESS,78.06,78.55,7.4,77.84,78.39,7.45,77.93,1440,,,
SI__wavlmAvg_SVM@TESS,78.04,78.04,12.18,76.44,74.88,15.17,78.04,2800,,,
SI__wavlmAvg_SVM@SAVEE,82.71,82.71,7.37,80.98,80.7,8.39,81.07,480,,,
SI__wavlmAvg_SVM@CREMA-D,68.97,69.51,4.81,69.27,69.59,4.47,69.24,2585,,,
SI__wavlmAvg_SVM_spk,80.6,80.61,4.72,80.38,80.55,5.12,80.93,7305,,257.01,
SI__wavlmAvg_SVM_spk@RAVDESS,82.99,83.4,6.42,82.73,83.15,6.43,82.79,1440,,,
SI__wavlmAvg_SVM_spk@TESS,81.71,81.71,10.79,80.61,79.97,12.26,81.71,2800,,,
SI__wavlmAvg_SVM_spk@SAVEE,84.79,84.79,6.78,83.64,83.66,6.46,83.69,480,,,
SI__wavlmAvg_SVM_spk@CREMA-D,77.29,77.72,4.07,77.48,77.85,3.97,77.54,2585,,,
SI__wavlmLAvg_LR_spk,82.3,82.38,5.52,82.06,82.18,5.92,82.4,7305,,18.61,
SI__wavlmLAvg_LR_spk@RAVDESS,85.62,85.92,5.7,85.58,85.94,5.69,85.57,1440,,,
SI__wavlmLAvg_LR_spk@TESS,83.54,83.54,12.54,83.01,82.4,13.62,83.54,2800,,,
SI__wavlmLAvg_LR_spk@SAVEE,79.38,79.38,8.96,77.74,77.69,8.94,77.98,480,,,
SI__wavlmLAvg_LR_spk@CREMA-D,79.65,80.12,4.27,79.92,80.3,4.13,79.93,2585,,,
SI__wavlmLAvg_SVM_spk,85.02,84.83,5.07,84.75,84.59,5.49,85.32,7305,,757.94,
SI__wavlmLAvg_SVM_spk@RAVDESS,86.32,86.57,5.51,86.24,86.54,5.45,86.09,1440,,,
SI__wavlmLAvg_SVM_spk@TESS,86.93,86.93,11.21,86.38,85.64,12.49,86.93,2800,,,
SI__wavlmLAvg_SVM_spk@SAVEE,87.08,87.08,5.02,86.05,85.94,5.11,86.31,480,,,
SI__wavlmLAvg_SVM_spk@CREMA-D,81.86,82.22,3.47,82.06,82.34,3.43,82.02,2585,,,
SI__wavlmL_layers_focal,80.52,79.32,5.23,80.15,78.64,5.73,80.62,7305,1225120,166.06,37.6
SI__wavlmL_layers_focal@RAVDESS,79.03,79.4,7.03,79.09,79.39,7.11,79.27,1440,,,
SI__wavlmL_layers_focal@TESS,86.79,86.79,10.79,86.23,84.29,13.26,86.79,2800,,,
SI__wavlmL_layers_focal@SAVEE,73.12,73.12,7.76,69.63,67.02,10.4,69.64,480,,,
SI__wavlmL_layers_focal@CREMA-D,75.94,76.34,4.08,76.2,76.5,3.82,76.22,2585,,,
SI__wavlmL_layers_focal_spk,84.34,83.41,4.4,83.98,83.09,4.73,84.4,7305,1225120,111.53,27.0
SI__wavlmL_layers_focal_spk@RAVDESS,85.42,85.72,6.11,85.42,85.73,6.08,85.39,1440,,,
SI__wavlmL_layers_focal_spk@TESS,88.82,88.82,9.18,88.5,88.03,9.96,88.82,2800,,,
SI__wavlmL_layers_focal_spk@SAVEE,78.33,78.33,7.73,76.58,76.44,7.86,76.79,480,,,
SI__wavlmL_layers_focal_spk@CREMA-D,80.0,80.3,3.38,80.22,80.5,3.25,80.3,2585,,,
SI__wavlm_avg_focal,74.93,73.91,6.2,74.47,73.5,6.52,74.82,7305,962951,101.63,43.0
SI__wavlm_avg_focal@RAVDESS,76.18,76.53,7.34,75.79,76.05,7.77,75.87,1440,,,
SI__wavlm_avg_focal@TESS,81.54,81.54,9.18,81.03,80.02,10.8,81.54,2800,,,
SI__wavlm_avg_focal@SAVEE,70.21,70.21,10.61,67.96,64.83,13.59,67.5,480,,,
SI__wavlm_avg_focal@CREMA-D,67.97,68.69,6.56,68.17,68.71,6.41,68.33,2585,,,
SI__wavlm_avg_focal_spk,80.57,80.37,4.43,80.27,80.19,4.78,80.63,7305,962951,108.57,47.0
SI__wavlm_avg_focal_spk@RAVDESS,82.71,83.03,5.52,82.38,82.69,5.58,82.51,1440,,,
SI__wavlm_avg_focal_spk@TESS,82.29,82.29,9.86,81.65,81.27,10.71,82.29,2800,,,
SI__wavlm_avg_focal_spk@SAVEE,80.83,80.83,4.04,78.83,78.49,4.12,78.69,480,,,
SI__wavlm_avg_focal_spk@CREMA-D,77.49,77.85,3.67,77.73,78.0,3.62,77.73,2585,,,
SI__wavlm_last_focal,64.8,64.84,6.45,63.72,63.58,7.3,64.02,7305,962951,67.49,39.8
SI__wavlm_last_focal@RAVDESS,66.32,66.67,4.47,65.07,65.31,4.74,65.1,1440,,,
SI__wavlm_last_focal@TESS,64.46,64.46,13.46,62.43,61.7,16.04,64.46,2800,,,
SI__wavlm_last_focal@SAVEE,70.21,70.21,10.89,68.28,67.26,12.65,67.62,480,,,
SI__wavlm_last_focal@CREMA-D,63.33,63.84,4.69,63.47,63.61,4.62,63.82,2585,,,
SI__wavlm_layers_focal,72.68,72.0,6.5,72.43,71.62,6.82,72.69,7305,962964,83.42,37.0
SI__wavlm_layers_focal@RAVDESS,74.86,75.3,8.89,74.61,75.19,8.92,74.8,1440,,,
SI__wavlm_layers_focal@TESS,77.75,77.75,11.89,76.97,75.06,14.58,77.75,2800,,,
SI__wavlm_layers_focal@SAVEE,65.83,65.83,15.31,62.9,60.52,17.82,62.62,480,,,
SI__wavlm_layers_focal@CREMA-D,67.23,67.95,6.37,67.64,68.18,5.99,67.48,2585,,,
SI__wavlm_layers_focal_spk,80.11,80.2,5.34,79.82,80.02,5.69,80.19,7305,962964,112.65,43.2
SI__wavlm_layers_focal_spk@RAVDESS,82.71,83.07,5.6,82.43,82.77,5.78,82.54,1440,,,
SI__wavlm_layers_focal_spk@TESS,81.04,81.04,11.96,80.4,79.95,12.92,81.04,2800,,,
SI__wavlm_layers_focal_spk@SAVEE,79.17,79.17,7.14,77.36,76.87,7.32,77.26,480,,,
SI__wavlm_layers_focal_spk@CREMA-D,77.83,78.34,4.54,77.97,78.41,4.55,78.02,2585,,,
noCREMA__SI__fusionL_avg_focal_spk,86.27,85.73,5.43,85.82,85.17,5.91,86.08,4720,1370503,47.11,29.0
within_CREMA-D__SD__fusionL_avg_focal_spk,82.63,82.63,1.75,82.76,82.73,1.71,82.91,2585,1370503,37.81,39.6
within_CREMA-D__SD__hand284_aug_focal,52.26,52.26,1.84,51.68,51.67,1.89,52.46,2585,321927,46.67,33.4
within_CREMA-D__SI__fusionL_avg_focal_spk,80.31,80.26,1.63,80.46,80.39,1.71,80.55,2585,1370503,36.86,37.4
within_CREMA-D__SI__hand284_aug_focal,49.52,49.6,3.53,48.98,48.78,3.45,49.67,2585,321927,40.07,28.0
within_RAVDESS__SD__fusionL_avg_focal_spk,91.53,91.53,1.87,91.36,91.35,1.95,91.32,1440,1370503,18.97,30.6
within_RAVDESS__SD__hand284_aug_focal,71.11,71.11,1.87,70.24,70.15,1.97,70.21,1440,321927,35.7,41.6
within_RAVDESS__SI__fusionL_avg_focal_spk,86.11,86.11,3.93,85.85,85.89,3.97,85.89,1440,1370503,20.88,31.833333333333332
within_RAVDESS__SI__hand284_aug_focal,53.47,53.47,4.71,52.81,52.61,4.44,53.13,1440,321927,38.64,29.833333333333332
within_SAVEE__SD__fusionL_avg_focal_spk,84.58,84.58,4.77,82.66,82.47,5.42,82.98,480,1370503,14.09,29.2
within_SAVEE__SD__hand284_aug_focal,63.33,63.33,6.09,60.12,59.29,7.53,60.36,480,321927,18.91,30.4
within_SAVEE__SI__fusionL_avg_focal_spk,81.04,81.04,7.03,79.02,78.47,7.71,79.17,480,1370503,15.41,33.5
within_SAVEE__SI__hand284_aug_focal,46.46,46.46,7.58,41.59,38.57,6.88,42.26,480,321927,20.31,35.25
within_TESS__SD__fusionL_avg_focal_spk,99.89,99.89,0.09,99.89,99.89,0.09,99.89,2800,1370503,26.53,16.0
within_TESS__SD__hand284_aug_focal,99.64,99.64,0.25,99.64,99.64,0.25,99.64,2800,321927,32.61,19.4
within_TESS__SI__fusionL_avg_focal_spk,69.14,69.14,2.21,66.8,67.26,1.22,69.14,2800,1370503,14.67,16.0
within_TESS__SI__hand284_aug_focal,54.5,54.5,1.64,52.98,52.48,4.2,54.5,2800,321927,18.38,16.5
